System_Ref,FIS_Provider_Name,Level_1_Description,Level_2_Description,Level_3_Description
11408,Summer Holiday Food And Fun Activities For Autistic Children,My Best Life app,Interests,Cooking
11408,Summer Holiday Food And Fun Activities For Autistic Children,My Best Life app,Interests,Music
11408,Summer Holiday Food And Fun Activities For Autistic Children,My Best Life app,Interests,Art and Design
11408,Summer Holiday Food And Fun Activities For Autistic Children,My Best Life app,Interests,Outdoor Activities
11412,Summer Club At Vauxhall City Farm,My Best Life app,Interests,Outdoor Activities
11413,Whippersnappers Summer Playscheme 2022,My Best Life app,Interests,Sports
11413,Whippersnappers Summer Playscheme 2022,My Best Life app,Interests,Music
11413,Whippersnappers Summer Playscheme 2022,My Best Life app,Interests,Art and Design
11414,Culture Chic Shock Play Scheme With Vauxhall Gardens Community Centre,My Best Life app,Interests,Drama
11414,Culture Chic Shock Play Scheme With Vauxhall Gardens Community Centre,My Best Life app,Interests,Art and Design
11414,Culture Chic Shock Play Scheme With Vauxhall Gardens Community Centre,My Best Life app,Interests,Outdoor Activities
11415,Latin Holiday Camp Vauxhall 5 Community Centre,My Best Life app,Interests,Sports
11415,Latin Holiday Camp Vauxhall 5 Community Centre,My Best Life app,Interests,Films and TV
11415,Latin Holiday Camp Vauxhall 5 Community Centre,My Best Life app,Interests,Art and Design
11417,Triangle Adventure Playground Summer Holiday Playscheme,My Best Life app,Interests,Sports
11417,Triangle Adventure Playground Summer Holiday Playscheme,My Best Life app,Interests,Art and Design
11417,Triangle Adventure Playground Summer Holiday Playscheme,My Best Life app,Interests,Outdoor Activities
11419,Summer 2022 With The Boury Academy,My Best Life app,Interests,Drama
11427,Summer Football Programme With SMP,My Best Life app,Interests,Sports
11431,Rathbone Summer Fit And Fun Activities Programme,My Best Life app,Interests,Cooking
11431,Rathbone Summer Fit And Fun Activities Programme,My Best Life app,Interests,Art and Design
11432,Central Hill Fit And Fun Summer Activity Programme,My Best Life app,Interests,Sports
11432,Central Hill Fit And Fun Summer Activity Programme,My Best Life app,Interests,Cooking
11432,Central Hill Fit And Fun Summer Activity Programme,My Best Life app,Interests,Art and Design
11435,Lambeth Summer Camp Parallel Youth Enterprise,My Best Life app,Interests,Sports
11435,Lambeth Summer Camp Parallel Youth Enterprise,My Best Life app,Interests,Art and Design
11435,Lambeth Summer Camp Parallel Youth Enterprise,My Best Life app,Interests,Outdoor Activities
11436,Routes With Omnibus Theatre,My Best Life app,Interests,Drama
11440,Karate/ Fitness Training And Self Defence Classes,My Best Life app,Interests,Sports
11442,MTVH's Schools Out Summer Programmes,My Best Life app,Interests,Sports
11442,MTVH's Schools Out Summer Programmes,My Best Life app,Interests,Music
11442,MTVH's Schools Out Summer Programmes,My Best Life app,Interests,Outdoor Activities
11443,MTVH's Schools Out Summer Programmes,My Best Life app,Interests,Sports
11443,MTVH's Schools Out Summer Programmes,My Best Life app,Interests,Music
11443,MTVH's Schools Out Summer Programmes,My Best Life app,Interests,Outdoor Activities
11444,MTVH's Schools Out Summer Programmes,My Best Life app,Interests,Sports
11444,MTVH's Schools Out Summer Programmes,My Best Life app,Interests,Music
11444,MTVH's Schools Out Summer Programmes,My Best Life app,Interests,Outdoor Activities
11445,Loughborough Summer Of Play Project,My Best Life app,Interests,Sports
11445,Loughborough Summer Of Play Project,My Best Life app,Interests,Outdoor Activities
11450,EMCAUK Summer 2022,My Best Life app,Interests,Sports
11453,KPCC's Summer Of Fun And Food 2022,My Best Life app,Interests,Drama
11453,KPCC's Summer Of Fun And Food 2022,My Best Life app,Interests,Music
11453,KPCC's Summer Of Fun And Food 2022,My Best Life app,Interests,Art and Design
11454,Kinetika Bloco Junior Summer School,My Best Life app,Interests,Music
11454,Kinetika Bloco Junior Summer School,My Best Life app,Interests,Art and Design
11455,Kinetika Bloco Senior Summer School,My Best Life app,Interests,Music
11456,Artist Minds With 198 Contemporary Arts And Learning And Photofusion,My Best Life app,Interests,Art and Design
11456,Artist Minds With 198 Contemporary Arts And Learning And Photofusion,My Best Life app,Interests,Outdoor Activities
11457,Activities 4 U Multisports and Arts Camp,My Best Life app,Interests,Sports
11457,Activities 4 U Multisports and Arts Camp,My Best Life app,Interests,Volunteering
11457,Activities 4 U Multisports and Arts Camp,My Best Life app,Interests,Outdoor Activities
11462,Oasis Summer Activities At Living Space,My Best Life app,Interests,Sports
11462,Oasis Summer Activities At Living Space,My Best Life app,Interests,Cooking
11462,Oasis Summer Activities At Living Space,My Best Life app,Interests,Outdoor Activities
11463,BIG Summer 2022 Holiday Football Programme,My Best Life app,Interests,Sports
11463,BIG Summer 2022 Holiday Football Programme,My Best Life app,Interests,Volunteering
11463,BIG Summer 2022 Holiday Football Programme,My Best Life app,Interests,Outdoor Activities
11464,Lambeth's Summer of Food and Fun,My Best Life app,Category,Friends
11464,Lambeth's Summer of Food and Fun,My Best Life app,Interests,Outdoor Activities
11465,Big Up Communities At The Stewarts Road Adventure Playground Summer Playscheme,My Best Life app,Interests,Outdoor Activities
11467,Drama Workshops,My Best Life app,Interests,Music
11467,Drama Workshops,My Best Life app,Interests,Art and Design
11468,Keep Moving - Summer Haf,My Best Life app,Interests,Sports
11468,Keep Moving - Summer Haf,My Best Life app,Interests,Art and Design
11468,Keep Moving - Summer Haf,My Best Life app,Interests,Outdoor Activities
11469,Get Creative With Code 7,My Best Life app,Interests,Music
11470,SHARP Summer 2022 with CEF Lyncx,My Best Life app,Interests,Cooking
11470,SHARP Summer 2022 with CEF Lyncx,My Best Life app,Interests,Volunteering
11470,SHARP Summer 2022 with CEF Lyncx,My Best Life app,Interests,Outdoor Activities
11471,Tulse Hill Adventure Playground Summer Playscheme,My Best Life app,Interests,Sports
11471,Tulse Hill Adventure Playground Summer Playscheme,My Best Life app,Interests,Cooking
11471,Tulse Hill Adventure Playground Summer Playscheme,My Best Life app,Interests,Outdoor Activities
11472,Upper Norwood Library Hub Summer Camps For Children,My Best Life app,Interests,Drama
11472,Upper Norwood Library Hub Summer Camps For Children,My Best Life app,Interests,Art and Design
11473,Lollard St. Adventure Playground,My Best Life app,Interests,Outdoor Activities
11474,Lambeth Tigers Summer Camp,My Best Life app,Interests,Sports
11474,Lambeth Tigers Summer Camp,My Best Life app,Interests,Volunteering
11474,Lambeth Tigers Summer Camp,My Best Life app,Interests,Outdoor Activities
11475,Lerato Summer Camp,My Best Life app,Interests,Sports
11475,Lerato Summer Camp,My Best Life app,Interests,Music
11475,Lerato Summer Camp,My Best Life app,Interests,Outdoor Activities
11476,Summer HAF Lifelong Family Links,My Best Life app,Interests,Sports
11476,Summer HAF Lifelong Family Links,My Best Life app,Interests,Cooking
11476,Summer HAF Lifelong Family Links,My Best Life app,Interests,Gaming
11477,YPM Summer Camp,My Best Life app,Interests,Sports
11477,YPM Summer Camp,My Best Life app,Interests,Cooking
11477,YPM Summer Camp,My Best Life app,Interests,Drama
11478,Brixton Topcats Summer Basketball Camp,My Best Life app,Interests,Sports
11480,Latin Holiday Camp Notre Dame,My Best Life app,Interests,Sports
11480,Latin Holiday Camp Notre Dame,My Best Life app,Interests,Films and TV
11480,Latin Holiday Camp Notre Dame,My Best Life app,Interests,Art and Design
11481,Football Food & Fun With Bankside Open Spaces Trust,My Best Life app,Interests,Sports
11481,Football Food & Fun With Bankside Open Spaces Trust,My Best Life app,Interests,Cooking
11481,Football Food & Fun With Bankside Open Spaces Trust,My Best Life app,Interests,Outdoor Activities

