System_Ref,Provider_Name,Area_Covered_Description
207,Kids' City At Woodmansterne Primary School - After School Club,Streatham
294,Tulse Hill Adventure Playground,Brixton/Tulse Hill
297,Kids' City At St. Marys R.C. Primary School - After School Club,Clapham/Brixton Hill
301,Slade Gardens Adventure Playground,Brixton/Stockwell
391,St Peters After School Club,Streatham
476,Springfield Community Flat After School Club,Brixton/Stockwell
508,EKC at Archbishop Sumner School,North Lambeth
630,Aktiv-Fun,Clapham/Brixton Hill
697,Rosemead Preparatory School & Nursery,Norwood
698,The Whitehouse Prep & Woodentops Kindergarten,Clapham/Brixton Hill
699,Broomwood Hall School,Streatham
701,Streatham & Clapham High School Junior Dept,Streatham
702, London Steiner School,Clapham/Brixton Hill
703,Lollard Street Adventure Playground,North Lambeth
706,Willington Road Youth & Community Hub,Brixton/Stockwell
706,Willington Road Youth & Community Hub,Brixton/Tulse Hill
706,Willington Road Youth & Community Hub,Clapham/Brixton Hill
709,Triangle Adventure Playground,North Lambeth
802,Elm Court School,Brixton/Tulse Hill
803,Lansdowne School,Brixton/Stockwell
804,The Michael Tippett School,Brixton/Stockwell
805,Turney Primary And Secondary Special School,Norwood
874,The Livity School,Streatham
875,Allen Edwards Primary School - After School Club,North Lambeth
882,Holmewood Nursery School - After School Club,Clapham/Brixton Hill
883,Loughborough Primary School - After School Club,Brixton/Tulse Hill
885,Julians Primary School - Breakfast Club,Norwood
890,Telferscot Primary School - After School Club,Clapham/Brixton Hill
893,Christ Church Primary Sw9 - After School Club,Brixton/Stockwell
897,Hitherfield Primary School - After School Club,Streatham
901,Rosendale Primary School After School Club,Norwood
902,St Andrews Roman Catholic Primary School -  Twighlights After School Club,Streatham
903,Stockwell Primary School - After School Club,Brixton/Stockwell
908,Vauxhall City Farm,North Lambeth
919,Macaulay Church Of England Primary School - Breakfast Club,Clapham/Brixton Hill
941,Magic Roundabout Nurseries Ltd,North Lambeth
942,Loughborough Primary School - Breakfast Club,Brixton/Tulse Hill
952,Whippersnappers Inclusive After School Club,Brixton/Stockwell
961,Streatham Wells Primary School - Breakfast Club,Streatham
972,Hitherfield Primary School - Breakfast Club,Streatham
974,Immanuel And St Andrew C Of E Primary School - Breakfast Club,Streatham
975,Oasis Academy Johanna - Breakfast Club,North Lambeth
976,Oasis Academy Johanna - After School Club,North Lambeth
988,Rosendale Primary School Breakfast Club,Norwood
1072,St Peter's Church - Breakfast Club,Streatham
1383,Brixton Library,Brixton/Stockwell
1393,Clapham Library,Brixton/Stockwell
1399,Durning Library,North Lambeth
1404,Minet Library,Brixton/Stockwell
1415,Tate South Lambeth Library,North Lambeth
1420,Streatham Library,Streatham
1445,Waterloo Library,North Lambeth
1450,West Norwood Library,Norwood
1514,Kennington Park Centre Stay And Play,North Lambeth
1517,Vauxhall Primary School - Breakfast Club,North Lambeth
1519,Kennington Park Centre Adventure Playground,North Lambeth
1612,Friday Youth Club @ Slade Gardens Adventure Playground,Brixton/Stockwell
1616,Streatham Adventure Playground,Streatham
1657,Flaxman Sports Centre,Brixton/Stockwell
1658,Clapham Leisure Centre,Clapham/Brixton Hill
1678,Streatham Ice And Leisure Centre,Streatham
1706,Clapham Manor - Breakfast Club,Clapham/Brixton Hill
1841,Coin Street Neighbourhood Centre - Healthy Eating 0 - 5 Yrs,North Lambeth
1856,Coin Street Neighbourhood Centre - Holiday Playscheme,North Lambeth
1938,Whippersnappers,Brixton/Stockwell
2113,St Michael's Fellowship,Streatham
2124,High Trees Community Development Trust,Brixton/Tulse Hill
2312,Wyvil Language Centre,North Lambeth
2321,Home-Start Lambeth,Brixton/Tulse Hill
2665,Hill Mead Primary School - Breakfast Club,North Lambeth
2701,Special Educational Needs (SEND),Brixton/Stockwell
2701,Special Educational Needs (SEND),Brixton/Tulse Hill
2701,Special Educational Needs (SEND),Clapham/Brixton Hill
2701,Special Educational Needs (SEND),North Lambeth
2701,Special Educational Needs (SEND),Norwood
2701,Special Educational Needs (SEND),Streatham
3048,Lifelong Family Links Playschemes,Brixton/Stockwell
3048,Lifelong Family Links Playschemes,Brixton/Tulse Hill
3048,Lifelong Family Links Playschemes,Clapham/Brixton Hill
3048,Lifelong Family Links Playschemes,North Lambeth
3048,Lifelong Family Links Playschemes,Norwood
3048,Lifelong Family Links Playschemes,Streatham
3076,Bonneville Primary School - Carry On Café,Clapham/Brixton Hill
3093,Every Pound Counts,Brixton/Stockwell
3093,Every Pound Counts,Brixton/Tulse Hill
3093,Every Pound Counts,Clapham/Brixton Hill
3093,Every Pound Counts,North Lambeth
3093,Every Pound Counts,Norwood
3093,Every Pound Counts,Streatham
3095,Park Campus Academy (Secondary Alternative Provision),Norwood
3156,Ferndale Community Sports Centre,Brixton/Stockwell
3444,Lambeth Somali Community Association,North Lambeth
3843,Wheels For Wellbeing,Brixton/Stockwell
3843,Wheels For Wellbeing,Brixton/Tulse Hill
3843,Wheels For Wellbeing,Clapham/Brixton Hill
4063,Welcare - Lambeth Office,Brixton/Stockwell
4147,National Autistic Society,Brixton/Stockwell
4147,National Autistic Society,Brixton/Tulse Hill
4147,National Autistic Society,Clapham/Brixton Hill
4147,National Autistic Society,North Lambeth
4147,National Autistic Society,Norwood
4147,National Autistic Society,Streatham
4286,Lambeth Participation And Engagement Service (PES),Brixton/Stockwell
4335,Disability Advice Service Lambeth (DASL),Brixton/Stockwell
4499,St Leonard's Church Of England Primary School - Breakfast Club,Streatham
4516,Norwood Community Group Services,Norwood
4536,Kennington Park Academy (Primary Alternative Provision),North Lambeth
4684,Roots & Shoots,North Lambeth
4696,South Central Youth Ltd - Youth Projects,Brixton/Stockwell
4696,South Central Youth Ltd - Youth Projects,Brixton/Tulse Hill
4696,South Central Youth Ltd - Youth Projects,Clapham/Brixton Hill
4696,South Central Youth Ltd - Youth Projects,North Lambeth
4696,South Central Youth Ltd - Youth Projects,Norwood
4696,South Central Youth Ltd - Youth Projects,Streatham
4817,St Stephen's Church Of England Primary School - After School Club,North Lambeth
4842,Kids' City At Sudbourne Primary School - After School Club,Clapham/Brixton Hill
5067,Bigkid Foundation,Norwood
5391,Butterfly After School Club,Brixton/Tulse Hill
5471,Springfield Community Flat Breakfast Club,Brixton/Stockwell
5528,Chocolate Films Workshops,Brixton/Stockwell
5528,Chocolate Films Workshops,Brixton/Tulse Hill
5528,Chocolate Films Workshops,Clapham/Brixton Hill
5528,Chocolate Films Workshops,North Lambeth
5528,Chocolate Films Workshops,Norwood
5528,Chocolate Films Workshops,Streatham
5678,Grove Adventure Playground,Brixton/Tulse Hill
5836,Oakden Kids Club,North Lambeth
6019,Ashmole Primary School Edc - Extended Day Care,North Lambeth
6022,Bonneville Primary School - Reading Café,Clapham/Brixton Hill
6023,Henry Cavendish Primary School -  Breakfast Club (Balham),Clapham/Brixton Hill
6024,Sudbourne Primary School - Breakfast Club,Clapham/Brixton Hill
6025,Heathbrook Primary School - Breakfast Club,Clapham/Brixton Hill
6026,Heathbrook Primary School - After School Club,Clapham/Brixton Hill
6029,Sunnyhill Primary School - Breakfast Club,Streatham
6032,Kid's City At Woodmansterne Primary School - Breakfast Club,Streatham
6033,Immanuel And St Andrew C Of E Primary School - After School Club,Streatham
6041,Allen Edwards Primary School - Breakfast Club,North Lambeth
6043,Crown Lane Primary School - Breakfast Club,Norwood
6077,Rape Crisis South London,Brixton/Stockwell
6077,Rape Crisis South London,Brixton/Tulse Hill
6077,Rape Crisis South London,Clapham/Brixton Hill
6077,Rape Crisis South London,North Lambeth
6077,Rape Crisis South London,Norwood
6077,Rape Crisis South London,Streatham
6116,Upper Norwood Library,Norwood
6126,Corpus Christi Catholic Primary School - After School Club,Clapham/Brixton Hill
6128,Clapham Manor Primary School - After School Club,Clapham/Brixton Hill
6129,Streatham Wells Primary School - After School Club,Streatham
6130,Stockwell Primary School - Breakfast Club,Brixton/Stockwell
6132,Richard Atkins Primary School - Breakfast Club,Clapham/Brixton Hill
6135,Loughborough Primary School - Holiday Provision,Brixton/Tulse Hill
6149,Christ Church Primary Sw9 - Breakfast Club,Brixton/Stockwell
6151,Wyvil Primary School - Breakfast Club,North Lambeth
6197,Fenstanton Infant School - Breakfast Club,Brixton/Tulse Hill
6198,Fenstanton Infant School - After School Club,Brixton/Tulse Hill
6578,Oakden Kids Club,North Lambeth
6580,Corpus Christi Catholic Primary School - Breakfast Club,Clapham/Brixton Hill
6583,Archbishop Sumner School - Breakfast Club,North Lambeth
6584,Jessop Primary School - Breakfast Club,Brixton/Stockwell
6585,Jessop Primary School - After School Club,Brixton/Stockwell
6586,Holy Trinity Church Of England Primary School - Breakfast Club,Brixton/Tulse Hill
6588,Kings Avenue Primary School - After School Club,Clapham/Brixton Hill
6589,Kingswood Primary School - Breakfast Club,Norwood
6590,Kingswood Primary School - After School Club,Norwood
6602,St Andrew's Roman Catholic Primary - Sunrise Breakfast Club,Streatham
6603,Telferscot Primary School - Breakfast Club,Clapham/Brixton Hill
6606,Henry Cavendish Primary School  - Breakfast Club (Streatham),Streatham
6607,St Saviour's School - Breakfast Club,Brixton/Stockwell
6704,Aurora House - Centre For Children With Autism,North Lambeth
6712,Oasis Adventure Playground,North Lambeth
6799,Children & Young People Services For Spanish/portuguese Speakers (5 To 19 Yrs Old),Brixton/Tulse Hill
6961,Streatham Leisure Centre Holiday Play Scheme,Streatham
6962,YPM Childcare Provider at Granton,Streatham
7075,YPM Childcare Provider at Granton,Streatham
7120,Young People Matter At The Old  Laundry - After School Club,Brixton/Stockwell
7171,Brixton Recreation Centre,Brixton/Tulse Hill
7200,Spiral Skills Cic,Brixton/Tulse Hill
7240,Brixton Recreation Centre Play Scheme,Brixton/Tulse Hill
7242,Super Camps at Dunraven School,Streatham
7244,Walnut Tree Walk Primary School - Breakfast Club,North Lambeth
7245,Walnut Tree Walk Primary School - After School Club,North Lambeth
7260,Fit For Sport At Paxton Primary School - Breakfast Club,Norwood
7261,Fit For Sport At Paxton Primary School - After School Club,Norwood
7263,Glenbrook Primary School - Breakfast Club,Clapham/Brixton Hill
7264,Glenbrook Primary School - After School Club,Clapham/Brixton Hill
7268,St John's (Angell Town) Church Of England P S - Breakfast Club,Brixton/Tulse Hill
7272,St Andrew's Church Of England Primary School - Breakfast Club,Brixton/Stockwell
7279,Pacca Out Of School Project,Brixton/Stockwell
7280,Sally Kids Care,Clapham/Brixton Hill
7281,Sally Kids Care,Clapham/Brixton Hill
7282,Sally Kids Care,Clapham/Brixton Hill
7286,La Retraite Rc Girls School - After School Club,Clapham/Brixton Hill
7295,Cassandra Learning Centre (CLC),Streatham
7327,Saint Gabriel's College - Breakfast Club,Brixton/Stockwell
7333,South Central Youth Ltd,Brixton/Stockwell
7333,South Central Youth Ltd,Brixton/Tulse Hill
7333,South Central Youth Ltd,Clapham/Brixton Hill
7333,South Central Youth Ltd,North Lambeth
7333,South Central Youth Ltd,Norwood
7333,South Central Youth Ltd,Streatham
7337,Kings College Hospital School,Norwood
7427,Oasis Nature Garden,North Lambeth
7438,Coin Street  Access Fitness - Young People 12 - 21 Year Olds,North Lambeth
7553,Florence Nightingale Museum,North Lambeth
7588,Rainbow Trust Children's Charity,Brixton/Stockwell
7588,Rainbow Trust Children's Charity,Brixton/Tulse Hill
7588,Rainbow Trust Children's Charity,Clapham/Brixton Hill
7588,Rainbow Trust Children's Charity,North Lambeth
7588,Rainbow Trust Children's Charity,Norwood
7588,Rainbow Trust Children's Charity,Streatham
7589,The Communication Trust,Brixton/Stockwell
7589,The Communication Trust,Brixton/Tulse Hill
7589,The Communication Trust,Clapham/Brixton Hill
7589,The Communication Trust,North Lambeth
7589,The Communication Trust,Norwood
7589,The Communication Trust,Streatham
7620,National Deaf Children Society Helpline,Brixton/Stockwell
7620,National Deaf Children Society Helpline,Brixton/Tulse Hill
7620,National Deaf Children Society Helpline,Clapham/Brixton Hill
7620,National Deaf Children Society Helpline,North Lambeth
7620,National Deaf Children Society Helpline,Norwood
7620,National Deaf Children Society Helpline,Streatham
7624,Kids London S.E.N.D. Mediation Service,Brixton/Stockwell
7624,Kids London S.E.N.D. Mediation Service,Brixton/Tulse Hill
7624,Kids London S.E.N.D. Mediation Service,Clapham/Brixton Hill
7624,Kids London S.E.N.D. Mediation Service,North Lambeth
7624,Kids London S.E.N.D. Mediation Service,Norwood
7624,Kids London S.E.N.D. Mediation Service,Streatham
7625,Music Therapy Lambeth,Brixton/Stockwell
7625,Music Therapy Lambeth,Brixton/Tulse Hill
7625,Music Therapy Lambeth,Clapham/Brixton Hill
7625,Music Therapy Lambeth,North Lambeth
7625,Music Therapy Lambeth,Norwood
7625,Music Therapy Lambeth,Streatham
7656,Disability Register And Liberty Card,Brixton/Stockwell
7656,Disability Register And Liberty Card,Brixton/Tulse Hill
7656,Disability Register And Liberty Card,Clapham/Brixton Hill
7656,Disability Register And Liberty Card,North Lambeth
7656,Disability Register And Liberty Card,Norwood
7656,Disability Register And Liberty Card,Streatham
7672,Ambitious About Autism,Brixton/Stockwell
7672,Ambitious About Autism,Brixton/Tulse Hill
7672,Ambitious About Autism,Clapham/Brixton Hill
7672,Ambitious About Autism,North Lambeth
7672,Ambitious About Autism,Norwood
7672,Ambitious About Autism,Streatham
7688,Lifelong Family Links,Brixton/Stockwell
7688,Lifelong Family Links,Brixton/Tulse Hill
7688,Lifelong Family Links,Clapham/Brixton Hill
7688,Lifelong Family Links,North Lambeth
7688,Lifelong Family Links,Norwood
7688,Lifelong Family Links,Streatham
7691,Allen Edwards Speech And Language Resource Base,North Lambeth
7698,Archbishop Sumner Speech And Language Resource Base,North Lambeth
7699,Crown Lane Resource Base,Norwood
7700,Dunraven Slcn Resource Base,Streatham
7702,Lark Hall Centre For Autism,Brixton/Stockwell
7703,City Heights Asd Resource Base,Brixton/Tulse Hill
7704,The Elmgreen School Hearing Impairment Resource Base,Norwood
7705,London Nautical Asd Resource Base,North Lambeth
7727,Kids' City At St Leonards,Streatham
8872,Brixton People's Kitchen,North Lambeth
8989,Waterloo Community Counselling,Brixton/Stockwell
8989,Waterloo Community Counselling,Brixton/Tulse Hill
8989,Waterloo Community Counselling,Clapham/Brixton Hill
8989,Waterloo Community Counselling,North Lambeth
8989,Waterloo Community Counselling,Norwood
8989,Waterloo Community Counselling,Streatham
8994,Young Minds,Brixton/Stockwell
8994,Young Minds,Brixton/Tulse Hill
8994,Young Minds,Clapham/Brixton Hill
8994,Young Minds,North Lambeth
8994,Young Minds,Norwood
8994,Young Minds,Streatham
9335,The Cochlear Implanted Children's Support Group (CICS Group),Brixton/Stockwell
9335,The Cochlear Implanted Children's Support Group (CICS Group),Brixton/Tulse Hill
9335,The Cochlear Implanted Children's Support Group (CICS Group),Clapham/Brixton Hill
9335,The Cochlear Implanted Children's Support Group (CICS Group),North Lambeth
9335,The Cochlear Implanted Children's Support Group (CICS Group),Norwood
9341,Hill Mead Primary School - Resource Base,North Lambeth
9393,The Norwood School Breakfast Club,Norwood
9395,St Saviour's Church Of England Primary School After School Club,Brixton/Stockwell
9470,Tree Tops Breakfast And After School Club At Kings Avenue School London,Clapham/Brixton Hill
9476,St Stephen's Church Of England Primary School - Breakfast Club,North Lambeth
9477,St Mark's Church Of England Primary School - Breakfast Club,North Lambeth
9480,St John The Divine C Of E Primary School - Breakfast Club,North Lambeth
9514,Autism Voice,Clapham/Brixton Hill
9568,The Gaia Centre,Brixton/Stockwell
9568,The Gaia Centre,Brixton/Tulse Hill
9568,The Gaia Centre,Clapham/Brixton Hill
9568,The Gaia Centre,North Lambeth
9568,The Gaia Centre,Norwood
9568,The Gaia Centre,Streatham
9569,Support For Young People At The Gaia Centre,Brixton/Stockwell
9569,Support For Young People At The Gaia Centre,Brixton/Tulse Hill
9569,Support For Young People At The Gaia Centre,Clapham/Brixton Hill
9569,Support For Young People At The Gaia Centre,North Lambeth
9569,Support For Young People At The Gaia Centre,Norwood
9569,Support For Young People At The Gaia Centre,Streatham
9843,Kooth,Brixton/Stockwell
9843,Kooth,Brixton/Tulse Hill
9843,Kooth,Clapham/Brixton Hill
9843,Kooth,North Lambeth
9843,Kooth,Norwood
9843,Kooth,Streatham
9925,Tree Tops Breakfast Club At Kings Avenue School London,Clapham/Brixton Hill
9934,Navigate: Emotional Support For Parents With Scope,Brixton/Stockwell
9934,Navigate: Emotional Support For Parents With Scope,Brixton/Tulse Hill
9934,Navigate: Emotional Support For Parents With Scope,Clapham/Brixton Hill
9934,Navigate: Emotional Support For Parents With Scope,North Lambeth
9934,Navigate: Emotional Support For Parents With Scope,Streatham
9940,L.E.A.P. Yoga With Claudia,Brixton/Stockwell
9940,L.E.A.P. Yoga With Claudia,Brixton/Tulse Hill
9943,Breastfeeding Peer Support,Brixton/Stockwell
9943,Breastfeeding Peer Support,Brixton/Tulse Hill
9943,Breastfeeding Peer Support,Clapham/Brixton Hill
9943,Breastfeeding Peer Support,North Lambeth
9943,Breastfeeding Peer Support,Norwood
9943,Breastfeeding Peer Support,Streatham
9946,Parent And Infant Relationship Service (PAIRS) Together Time,Brixton/Stockwell
9946,Parent And Infant Relationship Service (PAIRS) Together Time,Brixton/Tulse Hill
9969,The Small Project - Baby Clothes Library,Brixton/Stockwell
9969,The Small Project - Baby Clothes Library,Brixton/Tulse Hill
9969,The Small Project - Baby Clothes Library,Clapham/Brixton Hill
9969,The Small Project - Baby Clothes Library,North Lambeth
9969,The Small Project - Baby Clothes Library,Norwood
9969,The Small Project - Baby Clothes Library,Streatham
9974,The Small Project - Baby Clothes Library,Brixton/Stockwell
9974,The Small Project - Baby Clothes Library,Brixton/Tulse Hill
9974,The Small Project - Baby Clothes Library,Clapham/Brixton Hill
9974,The Small Project - Baby Clothes Library,North Lambeth
9974,The Small Project - Baby Clothes Library,Norwood
9974,The Small Project - Baby Clothes Library,Streatham
9983,Black Thrive,Brixton/Stockwell
9983,Black Thrive,Brixton/Tulse Hill
9983,Black Thrive,Clapham/Brixton Hill
9983,Black Thrive,North Lambeth
9983,Black Thrive,Norwood
9983,Black Thrive,Streatham
9999,Community Education Foundatiion & Lyncx (CEF Lyncx) Charity,Brixton/Tulse Hill
10027,Employment Support At Ethelred Children's Centre,North Lambeth
10029,Chattertime At Ethelred Children's Centre - Invite Only,North Lambeth
10030,Womens Advice Surgery At Stockwell Children's Centre,Brixton/Stockwell
10036,Spanish And Portuguese Chat And Play At Stockwell Children's Centre,Brixton/Stockwell
10038,Chattertime At Stockwell Children's Centre,Brixton/Stockwell
10040,Citizens Advice At Stockwell Children's Centre,Brixton/Stockwell
10041,Get Going With Sewing At Stockwell Children's Centre,Brixton/Stockwell
10047,North Lambeth Better Start Area: Ethelred Children's Centre,North Lambeth
10048,Child Health Clinic At Stockwell Children's Centre,Brixton/Stockwell
10049,North Lambeth Better Start Area: Henry Fawcett Children's Centre,North Lambeth
10052,Stay And Play At Liz Atkinson Children's Centre,Brixton/Stockwell
10055,Toddler Story And Song Time At Stockwell Children's Centre,Brixton/Stockwell
10060,North Lambeth Better Start Area: St Stephen's Children's Centre,North Lambeth
10061,Brixton Stockwell Better Start Area: Stockwell Children's Centre,Brixton/Stockwell
10062,Brixton Stockwell Better Start Area: Jessop Children's Centre,Brixton/Stockwell
10063,Brixton Stockwell Better Start Area: Liz Atkinson Children's Centre,Brixton/Stockwell
10064,Brixton Tulse Hill Better Start Area: Loughborough Children's Centre,Brixton/Tulse Hill
10065,Brixton Tulse Hill Better Start Area: Jubilee Children's Centre,Brixton/Tulse Hill
10068,Brixton Tulse Hill Better Start Area: Effra At Brockwell Children's Centre,Brixton/Tulse Hill
10069,Baby Explorers At Henry Fawcett Children's Centre,North Lambeth
10070,Norwood Better Start Area: Benton's Lane Children's Centre,Norwood
10071,Norwood Better Start Area: Rosendale Children's Centre,Norwood
10072,Norwood Better Start Area: Crown Lane Children's Centre,Norwood
10074,Streatham Better Start Area: Hitherfield Children's Centre,Streatham
10076,Streatham Better Start Area: Sunnyhill Children's Centre,Streatham
10077,Streatham Better Start Area: Streatham Hub Children's Centre,Streatham
10084,Clapham And Brixton Hill Better Start Area: Maytree Children's Centre,Clapham/Brixton Hill
10085,Clapham And Brixton Hill Better Start Area - Clapham Manor Children's Centre,Clapham/Brixton Hill
10086,Clapham And Brixton Hill Better Start Area: Tree House Children's Centre,Clapham/Brixton Hill
10107,Baby And Me Messy Play At Loughborough Children's Centre,Brixton/Tulse Hill
10117,Small Group Stay And Play 0 To 4 Years At Streatham Hub Children's Centre,Streatham
10118,Meet and Greet for New Parents and Children at Sunnyhill Children''s Centre,Streatham
10119,Baby Explorers At Hitherfield Children's Centre,Streatham
10122,E.S.O.L. At Benton's Lane Children's Centre,Streatham
10125,Natural Thinkers At Brockwell One O'Clock Club,Brixton/Tulse Hill
10130,Toddler Time At Clapham Manor Children's Centre,Clapham/Brixton Hill
10132,Messy Play Small Group At Tree House Children's Centre,Clapham/Brixton Hill
10133,Muslim Women's Group At Brockwell One O'Clock Club,Brixton/Tulse Hill
10135,Stay And Play At Clapham Manor Children's Centre,Clapham/Brixton Hill
10138,Stay And Play At Tree House Children's Centre,Clapham/Brixton Hill
10139,Young Parents Group At Loughborough Children's Centre,Brixton/Tulse Hill
10141,Introduction To Solid Foods At Clapham Manor Children's Centre,Clapham/Brixton Hill
10142,Rising Stars Stay And Play At Jubilee Children's Centre,Brixton/Tulse Hill
10149,Creative Arts And Wellbeing Course  At Treehouse Children's Centre,Clapham/Brixton Hill
10150,Baby Explorers At Clapham Manor Children's Centre,Clapham/Brixton Hill
10152,Sensory Room Experience @ Clapham Manor Children's Centre,Clapham/Brixton Hill
10155,E.S.O.L. At Clapham Manor Children's Centre,Clapham/Brixton Hill
10158,Employment Support At Maytree Children's Centre,Clapham/Brixton Hill
10164,Hand Sewing Embroidery Class At Loughborough Children's Centre,Brixton/Tulse Hill
10171,Lambeth Talking Therapies At Tree House Children's Centre,Clapham/Brixton Hill
10174,Chattertime At Maytree Children's Centre,Clapham/Brixton Hill
10187,Baby Massage At Sunnyhill Children's Centre,Streatham
10193,E.S.O.L. At Loughborough Children's Centre,Brixton/Tulse Hill
10195,Wriggle And Rhyme At Tree House Children's Centre,Clapham/Brixton Hill
10232,Inclusive Swimming Lessons At Clapham Leisure Centre 2 To 6 Yrs Old And 7+,Clapham/Brixton Hill
10237,Martial Arts And Youth Mentoring - Warrior Mindset Programme,Streatham
10238,Martial Arts And Youth Mentoring - Peaceful Warrior Programme',Streatham
10239,Inspirational Youth,Streatham
10244,Lambeth Autism Advisory Service,Clapham/Brixton Hill
10247,Tulse Hill Adventure Playground Youth And Play Session,Brixton/Tulse Hill
10249,Tulse Hill Bloco After School Club,Brixton/Tulse Hill
10269,Dream BiG Football Elite Programme,Brixton/Tulse Hill
10289,L.E.A.P. Virtual Baby Chattertime (0-15 Months Old),Brixton/Stockwell
10289,L.E.A.P. Virtual Baby Chattertime (0-15 Months Old),Brixton/Tulse Hill
10293,Centre 70,Norwood
10310,Lambeth Autism Group Parent And Carers Coffee Morning,Clapham/Brixton Hill
10311,National Deaf Children Society Grants,Brixton/Stockwell
10311,National Deaf Children Society Grants,Brixton/Tulse Hill
10311,National Deaf Children Society Grants,Clapham/Brixton Hill
10311,National Deaf Children Society Grants,North Lambeth
10311,National Deaf Children Society Grants,Norwood
10311,National Deaf Children Society Grants,Streatham
10314,Kids,Brixton/Stockwell
10314,Kids,Brixton/Tulse Hill
10314,Kids,Clapham/Brixton Hill
10314,Kids,North Lambeth
10314,Kids,Norwood
10314,Kids,Streatham
10322,Baby Singalong At Maytree Children's Centre,Clapham/Brixton Hill
10327,Lambeth Tigers,Brixton/Stockwell
10330,Lifelong Family Links After School Club,Brixton/Stockwell
10330,Lifelong Family Links After School Club,Brixton/Tulse Hill
10330,Lifelong Family Links After School Club,Clapham/Brixton Hill
10330,Lifelong Family Links After School Club,North Lambeth
10330,Lifelong Family Links After School Club,Norwood
10330,Lifelong Family Links After School Club,Streatham
10331,Lifelong Family Links Weekend Club,Brixton/Stockwell
10331,Lifelong Family Links Weekend Club,Brixton/Tulse Hill
10331,Lifelong Family Links Weekend Club,Clapham/Brixton Hill
10331,Lifelong Family Links Weekend Club,North Lambeth
10331,Lifelong Family Links Weekend Club,Norwood
10331,Lifelong Family Links Weekend Club,Streatham
10332,Lifelong Family Links Lifeskills And Employability Training,Brixton/Stockwell
10332,Lifelong Family Links Lifeskills And Employability Training,Brixton/Tulse Hill
10332,Lifelong Family Links Lifeskills And Employability Training,Clapham/Brixton Hill
10332,Lifelong Family Links Lifeskills And Employability Training,North Lambeth
10332,Lifelong Family Links Lifeskills And Employability Training,Norwood
10332,Lifelong Family Links Lifeskills And Employability Training,Streatham
10333,Sunnyhill Primary School - After School Club,Streatham
10359,"Domestic Abuse, Violence Against Women And Girls",Brixton/Stockwell
10359,"Domestic Abuse, Violence Against Women And Girls",Brixton/Tulse Hill
10359,"Domestic Abuse, Violence Against Women And Girls",Clapham/Brixton Hill
10359,"Domestic Abuse, Violence Against Women And Girls",North Lambeth
10359,"Domestic Abuse, Violence Against Women And Girls",Norwood
10359,"Domestic Abuse, Violence Against Women And Girls",Streatham
10397,Lambeth Larder Emergency Food Support,Brixton/Stockwell
10397,Lambeth Larder Emergency Food Support,Brixton/Tulse Hill
10397,Lambeth Larder Emergency Food Support,Clapham/Brixton Hill
10397,Lambeth Larder Emergency Food Support,North Lambeth
10397,Lambeth Larder Emergency Food Support,Norwood
10397,Lambeth Larder Emergency Food Support,Streatham
10403,Youth Employment Uk Free Skills & Careers Activities,Brixton/Stockwell
10403,Youth Employment Uk Free Skills & Careers Activities,Brixton/Tulse Hill
10403,Youth Employment Uk Free Skills & Careers Activities,Clapham/Brixton Hill
10403,Youth Employment Uk Free Skills & Careers Activities,North Lambeth
10403,Youth Employment Uk Free Skills & Careers Activities,Norwood
10403,Youth Employment Uk Free Skills & Careers Activities,Streatham
10444,C.E.F. Lyncx Virtual Support,Brixton/Tulse Hill
10539,BASE Dance Studios,Brixton/Stockwell
10539,BASE Dance Studios,Brixton/Tulse Hill
10539,BASE Dance Studios,Clapham/Brixton Hill
10539,BASE Dance Studios,North Lambeth
10539,BASE Dance Studios,Norwood
10539,BASE Dance Studios,Streatham
10553,Cool It Art Online,North Lambeth
10564,South London Botanical Institute,Norwood
10567,Lerato Community Initiative,Brixton/Tulse Hill
10572,Brook Young People - Come Correct,Brixton/Stockwell
10572,Brook Young People - Come Correct,Brixton/Tulse Hill
10572,Brook Young People - Come Correct,Clapham/Brixton Hill
10572,Brook Young People - Come Correct,North Lambeth
10572,Brook Young People - Come Correct,Norwood
10572,Brook Young People - Come Correct,Streatham
10577,The H.E.B.E Foundation,Clapham/Brixton Hill
10594,Clapham Film Unit - Animate At Home,Clapham/Brixton Hill
10595,Lambeth Made,Clapham/Brixton Hill
10602,Dash - Young People's Sexual Health And Substance Use Service,Brixton/Stockwell
10602,Dash - Young People's Sexual Health And Substance Use Service,Brixton/Tulse Hill
10602,Dash - Young People's Sexual Health And Substance Use Service,Clapham/Brixton Hill
10602,Dash - Young People's Sexual Health And Substance Use Service,North Lambeth
10602,Dash - Young People's Sexual Health And Substance Use Service,Norwood
10602,Dash - Young People's Sexual Health And Substance Use Service,Streatham
10610,Vauxhall Leisure Centre,North Lambeth
10614,Hook House Community Centre  - Food Bank & Community Services,Norwood
10642,Serious About Tennis,Streatham
10672,Baytree Youth Service,Brixton/Stockwell
10689,Baby Sensory Play At Stockwell Children's Centre,Brixton/Stockwell
10693,Chat And Play With A Better Start Worker At Sunnyhill Children's Centre,Streatham
10708,Wheels For Well Being S.E.N.D Sunday Cycling Sessions,Brixton/Stockwell
10708,Wheels For Well Being S.E.N.D Sunday Cycling Sessions,Brixton/Tulse Hill
10708,Wheels For Well Being S.E.N.D Sunday Cycling Sessions,Clapham/Brixton Hill
10708,Wheels For Well Being S.E.N.D Sunday Cycling Sessions,North Lambeth
10708,Wheels For Well Being S.E.N.D Sunday Cycling Sessions,Norwood
10708,Wheels For Well Being S.E.N.D Sunday Cycling Sessions,Streatham
10709,Disability Sports Coach,Brixton/Stockwell
10709,Disability Sports Coach,Brixton/Tulse Hill
10709,Disability Sports Coach,Clapham/Brixton Hill
10709,Disability Sports Coach,North Lambeth
10709,Disability Sports Coach,Norwood
10709,Disability Sports Coach,Streatham
10726,"The Rose Arts London - Dance, Drama School And Talent Agency",Norwood
10726,"The Rose Arts London - Dance, Drama School And Talent Agency",Streatham
10746,Norwood Park Stay And Play One O'Clock Club,Norwood
10747,Mud Club at The Spinney,Clapham/Brixton Hill
10753,C.E.F. Lyncx - Creative Step (Creative Saturday The Extra Project),Clapham/Brixton Hill
10759,Messy Play At Clapham Manor Children's Centre,Clapham/Brixton Hill
10792,Women's Group At Tree House Children's Centre,Clapham/Brixton Hill
10809,Lambeth Parent Forum,Brixton/Stockwell
10811,Springfield Community Flat Youth Club,Brixton/Stockwell
10814,St Helens Catholic School Breakfast Club,Brixton/Stockwell
10823,Escalate Football Development Programme (5 - 11 Years Old),Streatham
10827,"Lambeth Noise, Nuisance, Anti Social Behaviour And Safety - Vawg",Brixton/Stockwell
10827,"Lambeth Noise, Nuisance, Anti Social Behaviour And Safety - Vawg",Brixton/Tulse Hill
10827,"Lambeth Noise, Nuisance, Anti Social Behaviour And Safety - Vawg",Clapham/Brixton Hill
10827,"Lambeth Noise, Nuisance, Anti Social Behaviour And Safety - Vawg",North Lambeth
10827,"Lambeth Noise, Nuisance, Anti Social Behaviour And Safety - Vawg",Norwood
10827,"Lambeth Noise, Nuisance, Anti Social Behaviour And Safety - Vawg",Streatham
10832,Small Project Baby Clothes Library @ Oasis Hub Waterloo,North Lambeth
10834,Oasis Hub Waterloo - Playspace,North Lambeth
10836,Waterloo Food Bank,North Lambeth
10844,L.E.A.P. Baby And Us (Empowering Parents Empowering Communities) With Leap,Brixton/Stockwell
10844,L.E.A.P. Baby And Us (Empowering Parents Empowering Communities) With Leap,Brixton/Tulse Hill
10845,L.E.A.P. Portion Sizes Workshop,Brixton/Stockwell
10845,L.E.A.P. Portion Sizes Workshop,Brixton/Tulse Hill
10846,L.E.A.P. Eat Well For Less,Brixton/Stockwell
10846,L.E.A.P. Eat Well For Less,Brixton/Tulse Hill
10850,L.E.A.P. Snuggle With Us Story Session,Brixton/Stockwell
10850,L.E.A.P. Snuggle With Us Story Session,Brixton/Tulse Hill
10851,L.E.A.P. Tips For Tired Parents,Brixton/Stockwell
10851,L.E.A.P. Tips For Tired Parents,Brixton/Tulse Hill
10854,L.E.A.P. Little Wanderers - Delivered In Partnership With St. Stephen's Children's Centre,Brixton/Stockwell
10854,L.E.A.P. Little Wanderers - Delivered In Partnership With St. Stephen's Children's Centre,Brixton/Tulse Hill
10864,L.E.A.P. Share A Story & Rhyme Time,Brixton/Stockwell
10864,L.E.A.P. Share A Story & Rhyme Time,Brixton/Tulse Hill
10866,Parent And Infant Relationship Service (PAIRS) One-To-One,Brixton/Stockwell
10866,Parent And Infant Relationship Service (PAIRS) One-To-One,Brixton/Tulse Hill
10867,L.E.A.P. Safer Families: Enhanced Caseworkers,Brixton/Stockwell
10867,L.E.A.P. Safer Families: Enhanced Caseworkers,Brixton/Tulse Hill
10868,L.E.A.P. Pregnancy Information For Nutrition And Exercise (P.I.N.E.),Brixton/Stockwell
10868,L.E.A.P. Pregnancy Information For Nutrition And Exercise (P.I.N.E.),Brixton/Tulse Hill
10869,L.E.A.P. Family Nutrition (HENRY),Brixton/Stockwell
10869,L.E.A.P. Family Nutrition (HENRY),Brixton/Tulse Hill
10870,L.E.A.P. Being A Parent (Empowering Parents Empowering Communities),Brixton/Stockwell
10870,L.E.A.P. Being A Parent (Empowering Parents Empowering Communities),Brixton/Tulse Hill
10872,L.E.A.P. Supporting Babies' Next Steps,Brixton/Stockwell
10872,L.E.A.P. Supporting Babies' Next Steps,Brixton/Tulse Hill
10874,The Weir Link,Clapham/Brixton Hill
10875,The Weir Link - After School Homework Club,Clapham/Brixton Hill
10878,Making It Real @  Agnes Riley,Clapham/Brixton Hill
10881,Wellness Course For Women At  Agnes Riley One O'Clock Club,Clapham/Brixton Hill
10887,L.E.A.P. Lambeth Pregnancy And Baby Festival,Brixton/Stockwell
10887,L.E.A.P. Lambeth Pregnancy And Baby Festival,Brixton/Tulse Hill
10890,Snuggle Time Story Session,North Lambeth
10898,Virtual Breastfeeding Support Group,Brixton/Tulse Hill
10900,Stay And Play At Loughborough Children's Centre,Brixton/Tulse Hill
10904,Rose Vouchers At Jubilee Children's Centre,Brixton/Tulse Hill
10910,Small Group Chatterbox  At Loughborough Children's Centre,Brixton/Tulse Hill
10911,Online Chattertime With Evelina London S.L.T.,Brixton/Tulse Hill
10912,Co-Parenting For Young Parents With St Michaels Fellowship,Brixton/Tulse Hill
10913,Sewing Class At Jubilee Children's Centre,Brixton/Tulse Hill
10915,Sing And Read With Me,Brixton/Tulse Hill
10916,Rose Vouchers At Loughborough Children's Centre,Brixton/Tulse Hill
10920,Lambeth Youth Council - The Advocate Voice For Young People In Lambeth,Clapham/Brixton Hill
10922,Small Group Baby Explorers 0 To 18 Months At Benton's Lane Children's Centre,Streatham
10923,Small Group Stay And Play 0 To 4 Years At Benton's Lane Children's Centre,Streatham
10924,Employment And Training Support  At Benton's Lane Children's Centre,Streatham
10926,Keeping It Real At Benton's Lane Children's Centre,Streatham
10927,Messy Play At Benton's Lane Children's Centre,Streatham
10929,Stay And Play At Sunnyhill Children's Centre,Norwood
10930,Making It Real @ Benton's Lane,Streatham
10932,Chat And Play With A Better Start Worker At Benton's Lane Children's Centre,Streatham
10934,Natural Thinkers At Hillside Gardens One O'Clock Club,Streatham
10938,Making It Real At Hitherfield Children's Centre,Streatham
10944,Chat And Play With A Better Start Worker At Streatham Hub Children's Centre,Streatham
10947,Move And Groove At Sunnyhill Children's Centre,Streatham
10948,Small Group Baby Explorers 0 To18 Months At Sunnyhill Children's Centre,Streatham
10952,Chattertime At Sunnyhill Children's Centre,Streatham
10957,Small Group Stay And Play 0 To 4 Years At Hitherfield Children's Centre,Streatham
10958,Small Group A.S.D. Stay And Play At Hillside Gardens One O'Clock Club,Streatham
10963,Stay And Play At Jessop Children's Centre,Brixton/Stockwell
10964,Chat And Play At Liz Atkinson Children's Centre,Brixton/Stockwell
10966,South London Warehouse (Clapham Park Foodbank),Streatham
10967,Vauxhall Foodbank,North Lambeth
10968,Norwood & Brixton Foodbank,Norwood
10969,Fulham Girls Kicks Streatham Vale,Streatham
10970,Fulham Girls Kicks Elmgreen School,Norwood
10971,Fulham Girls Kicks Marcus Lipton,Brixton/Tulse Hill
10984,Dream BiG Storytelling & Music Creation Workshop,Brixton/Tulse Hill
10995,Exceed Reading Stars,Brixton/Tulse Hill
11010,Swimbies,Clapham/Brixton Hill
11080,Baby Explorers 0 To 8 Months At Ethelred Children's Centre,North Lambeth
11084,Natural Thinkers At Ethelred Children's Centre,North Lambeth
11092,Stay And Play At Stockwell Children's Centre,Brixton/Stockwell
11103,Jigsaw Contact Service,Streatham
11110,Swan Family Centre Lambeth,North Lambeth
11111,Aim High Dance Academy,Norwood
11120,Play Out! 18 Months To 4 Years At Hitherfield Children's Centre,Streatham
11121,Get Going With Sewing At Benton's Lane Children's Centre,Streatham
11122,Baby Explorers At Streatham Hub Children's Centre,Streatham
11123,Play Out! 18 Months To 4 Years At Hillside One O'Clock Club,Streatham
11125,Baby Massage 0 To 6 Months  At Benton's Lane Children's Centre,Streatham
11135,Health Visitors Development Reviews At Ethelred Children's Centre,North Lambeth
11143,Kids' City At Reay Primary School - Breakfast Club,Brixton/Stockwell
11148,Making It Real At Ethelred Children's Centre,North Lambeth
11149,S.E.N.D. 1:1 Sessions (By Invite Only) At Ethelred Children's Centre,North Lambeth
11153,Toddlers Explorers - 9 Months And Over At Ethelred Children's Centre,North Lambeth
11162,Cook Up With St Michaels At Henry Fawcett Children's Centre,North Lambeth
11167,Chattertime At Benton's Lane Children's Centre,Streatham
11168,Childminders And Professional Carers' Group Benton's Lane Children's Centre,Streatham
11171,Natural Thinkers Family Fun At Liz Atkinson Children's Centre,Brixton/Stockwell
11183,Breastfeeding Support Group At Jubilee Children's Centre,Brixton/Tulse Hill
11190,Women's Advice Surgery At Liz Atkinson Children's Centre,Brixton/Stockwell
11193,Citizen's Advice At Maytree Children's Centre,Clapham/Brixton Hill
11199,Kids' City At Reay Primary School – After School Club,Brixton/Stockwell
11202,Vanguard School,North Lambeth
11221,Dream BiG Employment Hub,Brixton/Tulse Hill
11278,Baby And Me At Jubilee Children's Centre,Brixton/Tulse Hill
11279,Making A Mosaic Course At Jubilee Children's Centre,Brixton/Tulse Hill
11284,Guide Dogs,Brixton/Stockwell
11284,Guide Dogs,Brixton/Tulse Hill
11284,Guide Dogs,Clapham/Brixton Hill
11284,Guide Dogs,North Lambeth
11284,Guide Dogs,Norwood
11284,Guide Dogs,Streatham
11293,Turn2us,Brixton/Stockwell
11293,Turn2us,Brixton/Tulse Hill
11293,Turn2us,Clapham/Brixton Hill
11293,Turn2us,North Lambeth
11293,Turn2us,Norwood
11293,Turn2us,Streatham
11294,Mulberry Outdoor Stay And Play,Brixton/Stockwell
11297,Christ Church (Streatham) Church Of England Primary School - Early Birds Breakfast Club,Streatham
11306,Dream BiG Urban Film Club,Norwood
11353,Werewolves Of London Special Ice Hockey Club,Streatham
11357,Child Health Clinic At Henry Fawcett Chidlren's Centre,North Lambeth
11358,Illustrate A Book With Morley College At Ethelred Children's Centre,North Lambeth
11367,Mosaic Course At Jessop Children's Centre,Brixton/Stockwell
11368,Early Words Together - 2 Years Literacy Development At Hitherfield Children's Centre,Streatham
11370,Chattertime At Tree House Children's Centre,Clapham/Brixton Hill
11395,Meet And Greet For New Parents And Children At Benton's Lane Children's Centre,Streatham

